{
    "client_0": [
        "../help/2.csv",
        "../help/44.csv",
        "../help/22.csv",
        "../help/43.csv",
        "../help/39.csv",
        "../help/16.csv",
        "../help/23.csv",
        "../help/15.csv",
        "../help/48.csv",
        "../help/29.csv"
    ],
    "client_1": [
        "../help/11.csv",
        "../help/47.csv",
        "../help/26.csv",
        "../help/36.csv",
        "../help/32.csv",
        "../help/4.csv",
        "../help/35.csv",
        "../help/24.csv",
        "../help/20.csv",
        "../help/40.csv"
    ],
    "client_2": [
        "../help/37.csv",
        "../help/46.csv",
        "../help/45.csv",
        "../help/41.csv",
        "../help/27.csv",
        "../help/33.csv",
        "../help/19.csv",
        "../help/18.csv",
        "../help/8.csv",
        "../help/3.csv"
    ],
    "client_3": [
        "../help/28.csv",
        "../help/31.csv",
        "../help/13.csv",
        "../help/6.csv",
        "../help/10.csv",
        "../help/42.csv",
        "../help/50.csv",
        "../help/34.csv",
        "../help/1.csv",
        "../help/14.csv"
    ],
    "client_4": [
        "../help/30.csv",
        "../help/49.csv",
        "../help/25.csv",
        "../help/9.csv",
        "../help/17.csv",
        "../help/38.csv",
        "../help/7.csv",
        "../help/21.csv",
        "../help/12.csv",
        "../help/5.csv"
    ]
}