{
    "train_metrics": [
        {
            "round": 1,
            "train_mse": 0.000736523350927456,
            "train_rmse": 0.02423472797859363,
            "train_mae": 0.30907620011641473
        },
        {
            "round": 2,
            "train_mse": 0.0005562006415482212,
            "train_rmse": 0.021082819516630005,
            "train_mae": 0.28054898393252536
        },
        {
            "round": 3,
            "train_mse": 0.0004839287619989996,
            "train_rmse": 0.01947587225121169,
            "train_mae": 0.24402796078360534
        },
        {
            "round": 4,
            "train_mse": 0.0004862048105331057,
            "train_rmse": 0.01966435284360067,
            "train_mae": 0.2839549362185588
        },
        {
            "round": 5,
            "train_mse": 0.0004523940896017753,
            "train_rmse": 0.01894399158896951,
            "train_mae": 0.25660258603845276
        }
    ],
    "eval_metrics": [
        {
            "round": 1,
            "mse": 0.0016481828162795864,
            "rmse": 0.03097891871914572,
            "mae": 0.6993483291974689,
            "r2": -0.4183627647810809
        },
        {
            "round": 2,
            "mse": 0.001172303541461588,
            "rmse": 0.02502335610043265,
            "mae": 0.41409231694461496,
            "r2": -0.2597375406221012
        },
        {
            "round": 3,
            "mse": 0.0009906237620816683,
            "rmse": 0.024509755450598098,
            "mae": 0.46827314893344046,
            "r2": -0.18118637260776543
        },
        {
            "round": 4,
            "mse": 0.0009851693842574606,
            "rmse": 0.023838905264056985,
            "mae": 0.42930867622918295,
            "r2": -0.08784607138521185
        },
        {
            "round": 5,
            "mse": 0.0008460751857273862,
            "rmse": 0.023169663083116885,
            "mae": 0.4782903489905007,
            "r2": 0.004014394853154657
        }
    ]
}